{
	"credit": "Made with Blockbench",
	"ambientocclusion": false,
	"textures": {
		"0": "block/short_grass_2",
		"1": "block/short_grass_2a",
		"particle": "block/short_grass_2"
	},
	"elements": [
		{
			"from": [0.5, 3, 0.5],
			"to": [15.5, 3.01, 15.5],
			"shade": false,
			"rotation": {"angle": 22.5, "axis": "x", "origin": [8, 3, 8]},
			"faces": {
				"up": {"uv": [0, 0, 15, 15], "texture": "#1", "tintindex": 0},
				"down": {"uv": [0, 15, 15, 0], "texture": "#1", "tintindex": 0}
			}
		},
		{
			"from": [0.5, 3, 0.5],
			"to": [15.5, 3.01, 15.5],
			"shade": false,
			"rotation": {"angle": 22.5, "axis": "z", "origin": [8, 3, 8]},
			"faces": {
				"up": {"uv": [0, 0, 15, 15], "rotation": 270, "texture": "#1", "tintindex": 0},
				"down": {"uv": [0, 15, 15, 0], "rotation": 90, "texture": "#1", "tintindex": 0}
			}
		},
		{
			"from": [0.5, 3, 0.5],
			"to": [15.5, 3.01, 15.5],
			"shade": false,
			"rotation": {"angle": -22.5, "axis": "x", "origin": [8, 3, 8]},
			"faces": {
				"up": {"uv": [0, 0, 15, 15], "rotation": 180, "texture": "#1", "tintindex": 0},
				"down": {"uv": [0, 15, 15, 0], "rotation": 180, "texture": "#1", "tintindex": 0}
			}
		},
		{
			"from": [0.5, 3, 0.5],
			"to": [15.5, 3.01, 15.5],
			"shade": false,
			"rotation": {"angle": -22.5, "axis": "z", "origin": [8, 3, 8]},
			"faces": {
				"up": {"uv": [0, 0, 15, 15], "rotation": 90, "texture": "#1", "tintindex": 0},
				"down": {"uv": [0, 15, 15, 0], "rotation": 270, "texture": "#1", "tintindex": 0}
			}
		},
		{
			"from": [1.5, 4, 0],
			"to": [16.5, 4.01, 7],
			"shade": false,
			"rotation": {"angle": 22.5, "axis": "x", "origin": [9, 4, 8.5]},
			"faces": {
				"up": {"uv": [0, 7, 15, 0], "rotation": 180, "texture": "#0", "tintindex": 0},
				"down": {"uv": [0, 7, 15, 0], "texture": "#0", "tintindex": 0}
			}
		},
		{
			"from": [-0.5, 4, 9],
			"to": [14.5, 4.01, 16],
			"shade": false,
			"rotation": {"angle": -22.5, "axis": "x", "origin": [7, 4, 6.5]},
			"faces": {
				"up": {"uv": [0, 0, 15, 7], "rotation": 180, "texture": "#0", "tintindex": 0},
				"down": {"uv": [0, 0, 15, 7], "texture": "#0", "tintindex": 0}
			}
		},
		{
			"from": [0, 4, -0.5],
			"to": [7, 4.01, 14.5],
			"shade": false,
			"rotation": {"angle": -22.5, "axis": "z", "origin": [9.5, 4, 7]},
			"faces": {
				"up": {"uv": [0, 7, 15, 0], "rotation": 90, "texture": "#0", "tintindex": 0},
				"down": {"uv": [0, 7, 15, 0], "rotation": 90, "texture": "#0", "tintindex": 0}
			}
		},
		{
			"from": [9, 4, 1.5],
			"to": [16, 4.01, 16.5],
			"shade": false,
			"rotation": {"angle": 22.5, "axis": "z", "origin": [7.5, 4, 9]},
			"faces": {
				"up": {"uv": [0, 0, 15, 7], "rotation": 90, "texture": "#0", "tintindex": 0},
				"down": {"uv": [0, 0, 15, 7], "rotation": 90, "texture": "#0", "tintindex": 0}
			}
		}
	]
}